"City";"year";"Province";"Empty"
"Aa en Hunze";"2013";"Drenthe";" "
"Aa en Hunze";"2014";"Drenthe";" "
"Aa en Hunze";"2015";"Drenthe";" "
"Aalburg";"2013";"Noord Brabant";" "
"Aalburg";"2014";"Noord-Brabant";" "
"Aalburg";"2015";"Noord-Brabant";" "
"Aalsmeer";"2013";"Noord-Holland";" "
"Aalsmeer";"2014";"Noord-Holland";" "
"Aalsmeer";"2015";"Noord-Holland";" "
"Aalten";"2013";"Gelderland";" "
"Aalten";"2014";"Gelderland";" "
"Aalten";"2015";"Gelderland";" "
"Achtkarspelen";"2013";"Friesland";" "
"Achtkarspelen";"2014";"Friesland";" "
"Achtkarspelen";"2015";"Friesland";" "
"Alblasserdam";"2013";"Zuid-Holland";" "
"Alblasserdam";"2014";"Zuid-Holland";" "
"Alblasserdam";"2015";"Zuid-Holland";" "
"Albrandswaard";"2013";"Zuid-Holland";" "
"Albrandswaard";"2014";"Zuid-Holland";" "
"Albrandswaard";"2015";"Zuid-Holland";" "
"Alkmaar";"2013";"Noord-Holland";" "
"Alkmaar";"2014";"Noord-Holland";" "
"Alkmaar";"2015";"Noord-Holland";" "
"Almelo";"2013";"Overijssel";" "
"Almelo";"2014";"Overijssel";" "
"Almelo";"2015";"Overijssel";" "
"Almere";"2013";"Flevoland";" "
"Almere";"2014";"Flevoland";" "
"Almere";"2015";"Flevoland";" "
"Alphen aan den Rijn";"2013";"Zuid-Holland";" "
"Alphen aan den Rijn";"2014";"Zuid-Holland";" "
"Alphen aan den Rijn";"2015";"Zuid-Holland";" "
"Alphen Chaam";"2013";"Noord-Brabant";" "
"Alphen Chaam";"2014";"Noord-Brabant";" "
"Alphen Chaam";"2015";"Noord-Brabant";" "
"Ameland";"2013";"Friesland";" "
"Ameland";"2014";"Friesland";" "
"Ameland";"2015";"Friesland";" "
"Amersfoort";"2013";"Utrecht";" "
"Amersfoort";"2014";"Utrecht";" "
"Amersfoort";"2015";"Utrecht";" "
"Amstelveen";"2013";"Noord-Holland";" "
"Amstelveen";"2014";"Noord-Holland";" "
"Amstelveen";"2015";"Noord-Holland";" "
"Amsterdam";"2013";"Noord-Holland";" "
"Amsterdam";"2014";"Noord-Holland";" "
"Amsterdam";"2015";"Noord-Holland";" "
"Apeldoorn";"2013";"Gelderland";" "
"Apeldoorn";"2014";"Gelderland";" "
"Apeldoorn";"2015";"Gelderland";" "
"Appingedam";"2013";"Groningen";" "
"Appingedam";"2014";"Groningen";" "
"Appingedam";"2015";"Groningen";" "
"Arnhem";"2013";"Gelderland";" "
"Arnhem";"2014";"Gelderland";" "
"Arnhem";"2015";"Gelderland";" "
"Assen";"2013";"Drenthe";" "
"Assen";"2014";"Drenthe";" "
"Assen";"2015";"Drenthe";" "
"Asten";"2013";"Noord-Brabant";" "
"Asten";"2014";"Noord-Brabant";" "
"Asten";"2015";"Noord-Brabant";" "
"Baarle Nassau";"2013";"Noord-Brabant";" "
"Baarle Nassau";"2014";"Noord-Brabant";" "
"Baarle Nassau";"2015";"Noord-Brabant";" "
"Baarn";"2013";"Utrecht";" "
"Baarn";"2014";"Utrecht";" "
"Baarn";"2015";"Utrecht";" "
"Barendrecht";"2013";"Zuid-Holland";" "
"Barendrecht";"2014";"Zuid-Holland";" "
"Barendrecht";"2015";"Zuid-Holland";" "
"Barneveld";"2013";"Gelderland";" "
"Barneveld";"2014";"Gelderland";" "
"Barneveld";"2015";"Gelderland";" "
"Bedum";"2013";"Groningen";" "
"Bedum";"2014";"Groningen";" "
"Bedum";"2015";"Groningen";" "
"Beek";"2013";"Limburg";" "
"Beek";"2014";"Limburg";" "
"Beek";"2015";"Limburg";" "
"Beemster";"2013";"Noord-Holland";" "
"Beemster";"2014";"Noord-Holland";" "
"Beemster";"2015";"Noord-Holland";" "
"Beesel";"2013";"Limburg";" "
"Beesel";"2014";"Limburg";" "
"Beesel";"2015";"Limburg";" "
"Bellingwedde";"2013";"Groningen";" "
"Bellingwedde";"2014";"Groningen";" "
"Bellingwedde";"2015";"Groningen";" "
"Bergeijk";"2013";"Noord-Brabant";" "
"Bergeijk";"2014";"Noord-Brabant";" "
"Bergeijk";"2015";"Noord-Brabant";" "
"Bergen";"2013";"Limburg";" "
"Bergen";"2014";"Limburg";" "
"Bergen";"2015";"Limburg";" "
"Bergen NH";"2013";"Noord-Holland";" "
"Bergen NH";"2014";"Noord-Holland";" "
"Bergen NH";"2015";"Noord-Holland";" "
"Bergen op Zoom";"2013";"Noord-Brabant";" "
"Bergen op Zoom";"2014";"Noord-Brabant";" "
"Bergen op Zoom";"2015";"Noord-Brabant";" "
"Berkelland";"2013";"Gelderland";" "
"Berkelland";"2014";"Gelderland";" "
"Berkelland";"2015";"Gelderland";" "
"Bernheze";"2013";"Noord-Brabant";" "
"Bernheze";"2014";"Noord-Brabant";" "
"Bernheze";"2015";"Noord-Brabant";" "
"Best";"2013";"Noord-Brabant";" "
"Best";"2014";"Noord-Brabant";" "
"Best";"2015";"Noord-Brabant";" "
"Beuningen";"2013";"Gelderland";" "
"Beuningen";"2014";"Gelderland";" "
"Beuningen";"2015";"Gelderland";" "
"Beverwijk";"2013";"Noord-Holland";" "
"Beverwijk";"2014";"Noord-Holland";" "
"Beverwijk";"2015";"Noord-Holland";" "
"het Bildt";"2013";"Friesland";" "
"het Bildt";"2014";"Friesland";" "
"het Bildt";"2015";"Friesland";" "
"De Bilt";"2013";"Utrecht";" "
"De Bilt";"2014";"Utrecht";" "
"De Bilt";"2015";"Utrecht";" "
"Binnenmaas";"2013";"Zuid-Holland";" "
"Binnenmaas";"2014";"Zuid-Holland";" "
"Binnenmaas";"2015";"Zuid-Holland";" "
"Bladel";"2013";"Noord-Brabant";" "
"Bladel";"2014";"Noord-Brabant";" "
"Bladel";"2015";"Noord-Brabant";" "
"Blaricum";"2013";"Noord-Holland";" "
"Blaricum";"2014";"Noord-Holland";" "
"Blaricum";"2015";"Noord-Holland";" "
"Bloemendaal";"2013";"Noord-Holland";" "
"Bloemendaal";"2014";"Noord-Holland";" "
"Bloemendaal";"2015";"Noord-Holland";" "
"Bodegraven-Reeuwijk";"2013";"Zuid-Holland";" "
"Bodegraven-Reeuwijk";"2014";"Zuid-Holland";" "
"Bodegraven-Reeuwijk";"2015";"Zuid-Holland";" "
"Boekel";"2013";"Noord-Brabant";" "
"Boekel";"2014";"Noord-Brabant";" "
"Boekel";"2015";"Noord-Brabant";" "
"Ten Boer";"2013";"Groningen";" "
"Ten Boer";"2014";"Groningen";" "
"Ten Boer";"2015";"Groningen";" "
"Borger-Odoorn";"2013";"Drenthe";" "
"Borger-Odoorn";"2014";"Drenthe";" "
"Borger-Odoorn";"2015";"Drenthe";" "
"Borne";"2013";"Overijssel";" "
"Borne";"2014";"Overijssel";" "
"Borne";"2015";"Overijssel";" "
"Borsele";"2013";"Zeeland";" "
"Borsele";"2014";"Zeeland";" "
"Borsele";"2015";"Zeeland";" "
"Boxmeer";"2013";"Noord-Brabant";" "
"Boxmeer";"2014";"Noord-Brabant";" "
"Boxmeer";"2015";"Noord-Brabant";" "
"Boxtel";"2013";"Noord-Brabant";" "
"Boxtel";"2014";"Noord-Brabant";" "
"Boxtel";"2015";"Noord-Brabant";" "
"Breda";"2013";"Noord-Brabant";" "
"Breda";"2014";"Noord-Brabant";" "
"Breda";"2015";"Noord-Brabant";" "
"Brielle";"2013";"Zuid-Holland";" "
"Brielle";"2014";"Zuid-Holland";" "
"Brielle";"2015";"Zuid-Holland";" "
"Bronckhorst";"2013";"Gelderland";" "
"Bronckhorst";"2014";"Gelderland";" "
"Bronckhorst";"2015";"Gelderland";" "
"Brummen";"2013";"Gelderland";" "
"Brummen";"2014";"Gelderland";" "
"Brummen";"2015";"Gelderland";" "
"Brunssum";"2013";"Limburg";" "
"Brunssum";"2014";"Limburg";" "
"Brunssum";"2015";"Limburg";" "
"Bunnik";"2013";"Utrecht";" "
"Bunnik";"2014";"Utrecht";" "
"Bunnik";"2015";"Utrecht";" "
"Bunschoten";"2013";"Utrecht";" "
"Bunschoten";"2014";"Utrecht";" "
"Bunschoten";"2015";"Utrecht";" "
"Buren";"2013";"Gelderland";" "
"Buren";"2014";"Gelderland";" "
"Buren";"2015";"Gelderland";" "
"Bussum";"2013";"Noord-Holland";" "
"Bussum";"2014";"Noord-Holland";" "
"Bussum";"2015";"Noord-Holland";" "
"Capelle aan den IJssel";"2013";"Zuid-Holland";" "
"Capelle aan den IJssel";"2014";"Zuid-Holland";" "
"Capelle aan den IJssel";"2015";"Zuid-Holland";" "
"Castricum";"2013";"Noord-Holland";" "
"Castricum";"2014";"Noord-Holland";" "
"Castricum";"2015";"Noord-Holland";" "
"Coevorden";"2013";"Drenthe";" "
"Coevorden";"2014";"Drenthe";" "
"Coevorden";"2015";"Drenthe";" "
"Cranendonck";"2013";"Noord-Brabant";" "
"Cranendonck";"2014";"Noord-Brabant";" "
"Cranendonck";"2015";"Noord-Brabant";" "
"Cromstrijen";"2013";"Zuid-Holland";" "
"Cromstrijen";"2014";"Zuid-Holland";" "
"Cromstrijen";"2015";"Zuid-Holland";" "
"Cuijk";"2013";"Noord-Brabant";" "
"Cuijk";"2014";"Noord-Brabant";" "
"Cuijk";"2015";"Noord-Brabant";" "
"Culemborg";"2013";"Gelderland";" "
"Culemborg";"2014";"Gelderland";" "
"Culemborg";"2015";"Gelderland";" "
"Dalfsen";"2013";"Overijssel";" "
"Dalfsen";"2014";"Overijssel";" "
"Dalfsen";"2015";"Overijssel";" "
"Dantumadiel";"2013";"Friesland";" "
"Dantumadiel";"2014";"Friesland";" "
"Dantumadiel";"2015";"Friesland";" "
"Delft";"2013";"Zuid-Holland";" "
"Delft";"2014";"Zuid-Holland";" "
"Delft";"2015";"Zuid-Holland";" "
"Delfzijl";"2013";"Groningen";" "
"Delfzijl";"2014";"Groningen";" "
"Delfzijl";"2015";"Groningen";" "
"Deurne";"2013";"Noord-Brabant";" "
"Deurne";"2014";"Noord-Brabant";" "
"Deurne";"2015";"Noord-Brabant";" "
"Deventer";"2013";"Overijssel";" "
"Deventer";"2014";"Overijssel";" "
"Deventer";"2015";"Overijssel";" "
"Diemen";"2013";"Noord-Holland";" "
"Diemen";"2014";"Noord-Holland";" "
"Diemen";"2015";"Noord-Holland";" "
"Dinkelland";"2013";"Overijssel";" "
"Dinkelland";"2014";"Overijssel";" "
"Dinkelland";"2015";"Overijssel";" "
"Doesburg";"2013";"Gelderland";" "
"Doesburg";"2014";"Gelderland";" "
"Doesburg";"2015";"Gelderland";" "
"Doetinchem";"2013";"Gelderland";" "
"Doetinchem";"2014";"Gelderland";" "
"Doetinchem";"2015";"Gelderland";" "
"Dongen";"2013";"Noord-Brabant";" "
"Dongen";"2014";"Noord-Brabant";" "
"Dongen";"2015";"Noord-Brabant";" "
"Dongeradeel";"2013";"Friesland";" "
"Dongeradeel";"2014";"Friesland";" "
"Dongeradeel";"2015";"Friesland";" "
"Dordrecht";"2013";"Zuid-Holland";" "
"Dordrecht";"2014";"Zuid-Holland";" "
"Dordrecht";"2015";"Zuid-Holland";" "
"Drechterland";"2013";"Noord-Holland";" "
"Drechterland";"2014";"Noord-Holland";" "
"Drechterland";"2015";"Noord-Holland";" "
"Drimmelen";"2013";"Noord-Brabant";" "
"Drimmelen";"2014";"Noord-Brabant";" "
"Drimmelen";"2015";"Noord-Brabant";" "
"Dronten";"2013";"Flevoland";" "
"Dronten";"2014";"Flevoland";" "
"Dronten";"2015";"Flevoland";" "
"Druten";"2013";"Gelderland";" "
"Druten";"2014";"Gelderland";" "
"Druten";"2015";"Gelderland";" "
"Duiven";"2013";"Gelderland";" "
"Duiven";"2014";"Gelderland";" "
"Duiven";"2015";"Gelderland";" "
"Echt Susteren";"2013";"Limburg";" "
"Echt Susteren";"2014";"Limburg";" "
"Echt Susteren";"2015";"Limburg";" "
"Edam Volendam";"2013";"Noord-Holland";" "
"Edam Volendam";"2014";"Noord-Holland";" "
"Edam Volendam";"2015";"Noord-Holland";" "
"Ede";"2013";"Gelderland";" "
"Ede";"2014";"Gelderland";" "
"Ede";"2015";"Gelderland";" "
"Eemnes";"2013";"Utrecht";" "
"Eemnes";"2014";"Utrecht";" "
"Eemnes";"2015";"Utrecht";" "
"Eemsmond";"2013";"Groningen";" "
"Eemsmond";"2014";"Groningen";" "
"Eemsmond";"2015";"Groningen";" "
"Eersel";"2013";"Noord-Brabant";" "
"Eersel";"2014";"Noord-Brabant";" "
"Eersel";"2015";"Noord-Brabant";" "
"Eijsden Margraten";"2013";"Limburg";" "
"Eijsden Margraten";"2014";"Limburg";" "
"Eijsden Margraten";"2015";"Limburg";" "
"Eindhoven";"2013";"Noord-Brabant";" "
"Eindhoven";"2014";"Noord-Brabant";" "
"Eindhoven";"2015";"Noord-Brabant";" "
"Elburg";"2013";"Gelderland";" "
"Elburg";"2014";"Gelderland";" "
"Elburg";"2015";"Gelderland";" "
"Emmen";"2013";"Drenthe";" "
"Emmen";"2014";"Drenthe";" "
"Emmen";"2015";"Drenthe";" "
"Enkhuizen";"2013";"Noord-Holland";" "
"Enkhuizen";"2014";"Noord-Holland";" "
"Enkhuizen";"2015";"Noord-Holland";" "
"Enschede";"2013";"Overijssel";" "
"Enschede";"2014";"Overijssel";" "
"Enschede";"2015";"Overijssel";" "
"Epe";"2013";"Gelderland";" "
"Epe";"2014";"Gelderland";" "
"Epe";"2015";"Gelderland";" "
"Ermelo";"2013";"Gelderland";" "
"Ermelo";"2014";"Gelderland";" "
"Ermelo";"2015";"Gelderland";" "
"Etten Leur";"2013";"Noord-Brabant";" "
"Etten Leur";"2014";"Noord-Brabant";" "
"Etten Leur";"2015";"Noord-Brabant";" "
"Ferwerderadiel";"2013";"Friesland";" "
"Ferwerderadiel";"2014";"Friesland";" "
"Ferwerderadiel";"2015";"Friesland";" "
"Franekeradeel";"2013";"Friesland";" "
"Franekeradeel";"2014";"Friesland";" "
"Franekeradeel";"2015";"Friesland";" "
"De Friese Meren";"2013";" ";" "
"De Friese Meren";"2014";"Friesland";" "
"De Friese Meren";"2015";"Friesland";" "
"Geertruidenberg";"2013";"Noord-Brabant";" "
"Geertruidenberg";"2014";"Noord-Brabant";" "
"Geertruidenberg";"2015";"Noord-Brabant";" "
"Geldermalsen";"2013";"Gelderland";" "
"Geldermalsen";"2014";"Gelderland";" "
"Geldermalsen";"2015";"Gelderland";" "
"Geldrop Mierlo";"2013";"Noord-Brabant";" "
"Geldrop Mierlo";"2014";"Noord-Brabant";" "
"Geldrop Mierlo";"2015";"Noord-Brabant";" "
"Gemert Bakel";"2013";"Noord-Brabant";" "
"Gemert Bakel";"2014";"Noord-Brabant";" "
"Gemert Bakel";"2015";"Noord-Brabant";" "
"Gennep";"2013";"Limburg";" "
"Gennep";"2014";"Limburg";" "
"Gennep";"2015";"Limburg";" "
"Giessenlanden";"2013";"Zuid-Holland";" "
"Giessenlanden";"2014";"Zuid-Holland";" "
"Giessenlanden";"2015";"Zuid-Holland";" "
"Gilze en Rijen";"2013";"Noord-Brabant";" "
"Gilze en Rijen";"2014";"Noord-Brabant";" "
"Gilze en Rijen";"2015";"Noord-Brabant";" "
"Goeree Overflakkee";"2013";"Zuid-Holland";" "
"Goeree Overflakkee";"2014";"Zuid-Holland";" "
"Goeree Overflakkee";"2015";"Zuid-Holland";" "
"Goes";"2013";"Zeeland";" "
"Goes";"2014";"Zeeland";" "
"Goes";"2015";"Zeeland";" "
"Goirle";"2013";"Noord-Brabant";" "
"Goirle";"2014";"Noord-Brabant";" "
"Goirle";"2015";"Noord-Brabant";" "
"Gorinchem";"2013";"Zuid-Holland";" "
"Gorinchem";"2014";"Zuid-Holland";" "
"Gorinchem";"2015";"Zuid-Holland";" "
"Gouda";"2013";"Zuid-Holland";" "
"Gouda";"2014";"Zuid-Holland";" "
"Gouda";"2015";"Zuid-Holland";" "
"Grave";"2013";"Noord-Brabant";" "
"Grave";"2014";"Noord-Brabant";" "
"Grave";"2015";"Noord-Brabant";" "
"Gravenhage (gemeente)";"2013";"Zuid-Holland";" "
"Gravenhage (gemeente)";"2014";"Zuid-Holland";" "
"Gravenhage (gemeente)";"2015";"Zuid-Holland";" "
"Groesbeek";"2013";"Gelderland";" "
"Groesbeek";"2014";"Gelderland";" "
"Groesbeek";"2015";"Gelderland";" "
"Groningen (gemeente)";"2013";"Groningen";" "
"Groningen (gemeente)";"2014";"Groningen";" "
"Groningen (gemeente)";"2015";"Groningen";" "
"Grootegast";"2013";"Groningen";" "
"Grootegast";"2014";"Groningen";" "
"Grootegast";"2015";"Groningen";" "
"Gulpen Wittem";"2013";"Limburg";" "
"Gulpen Wittem";"2014";"Limburg";" "
"Gulpen Wittem";"2015";"Limburg";" "
"Haaksbergen";"2013";"Overijssel";" "
"Haaksbergen";"2014";"Overijssel";" "
"Haaksbergen";"2015";"Overijssel";" "
"Haaren";"2013";"Noord-Brabant";" "
"Haaren";"2014";"Noord-Brabant";" "
"Haaren";"2015";"Noord-Brabant";" "
"Haarlem";"2013";"Noord-Holland";" "
"Haarlem";"2014";"Noord-Holland";" "
"Haarlem";"2015";"Noord-Holland";" "
"Haarlemmerliede en Spaarnwoude";"2013";"Noord-Holland";" "
"Haarlemmerliede en Spaarnwoude";"2014";"Noord-Holland";" "
"Haarlemmerliede en Spaarnwoude";"2015";"Noord-Holland";" "
"Haarlemmermeer";"2013";"Noord-Holland";" "
"Haarlemmermeer";"2014";"Noord-Holland";" "
"Haarlemmermeer";"2015";"Noord-Holland";" "
"Halderberge";"2013";"Noord-Brabant";" "
"Halderberge";"2014";"Noord-Brabant";" "
"Halderberge";"2015";"Noord-Brabant";" "
"Hardenberg";"2013";"Overijssel";" "
"Hardenberg";"2014";"Overijssel";" "
"Hardenberg";"2015";"Overijssel";" "
"Harderwijk";"2013";"Gelderland";" "
"Harderwijk";"2014";"Gelderland";" "
"Harderwijk";"2015";"Gelderland";" "
"Hardinxveld Giessendam";"2013";"Zuid-Holland";" "
"Hardinxveld Giessendam";"2014";"Zuid-Holland";" "
"Hardinxveld Giessendam";"2015";"Zuid-Holland";" "
"Haren";"2013";"Groningen";" "
"Haren";"2014";"Groningen";" "
"Haren";"2015";"Groningen";" "
"Harlingen";"2013";"Friesland";" "
"Harlingen";"2014";"Friesland";" "
"Harlingen";"2015";"Friesland";" "
"Hattem";"2013";"Gelderland";" "
"Hattem";"2014";"Gelderland";" "
"Hattem";"2015";"Gelderland";" "
"Heemskerk";"2013";"Noord-Holland";" "
"Heemskerk";"2014";"Noord-Holland";" "
"Heemskerk";"2015";"Noord-Holland";" "
"Heemstede";"2013";"Noord-Holland";" "
"Heemstede";"2014";"Noord-Holland";" "
"Heemstede";"2015";"Noord-Holland";" "
"Heerde";"2013";"Gelderland";" "
"Heerde";"2014";"Gelderland";" "
"Heerde";"2015";"Gelderland";" "
"Heerenveen";"2013";"Friesland";" "
"Heerenveen";"2014";"Friesland";" "
"Heerenveen";"2015";"Friesland";" "
"Heerhugowaard";"2013";"Noord-Holland";" "
"Heerhugowaard";"2014";"Noord-Holland";" "
"Heerhugowaard";"2015";"Noord-Holland";" "
"Heerlen";"2013";"Limburg";" "
"Heerlen";"2014";"Limburg";" "
"Heerlen";"2015";"Limburg";" "
"Heeze Leende";"2013";"Noord-Brabant";" "
"Heeze Leende";"2014";"Noord-Brabant";" "
"Heeze Leende";"2015";"Noord-Brabant";" "
"Heiloo";"2013";"Noord-Holland";" "
"Heiloo";"2014";"Noord-Holland";" "
"Heiloo";"2015";"Noord-Holland";" "
"Den Helder";"2013";"Noord-Holland";" "
"Den Helder";"2014";"Noord-Holland";" "
"Den Helder";"2015";"Noord-Holland";" "
"Hellendoorn";"2013";"Overijssel";" "
"Hellendoorn";"2014";"Overijssel";" "
"Hellendoorn";"2015";"Overijssel";" "
"Hellevoetsluis";"2013";"Zuid-Holland";" "
"Hellevoetsluis";"2014";"Zuid-Holland";" "
"Hellevoetsluis";"2015";"Zuid-Holland";" "
"Helmond";"2013";"Noord-Brabant";" "
"Helmond";"2014";"Noord-Brabant";" "
"Helmond";"2015";"Noord-Brabant";" "
"Hendrik Ido Ambacht";"2013";"Zuid-Holland";" "
"Hendrik Ido Ambacht";"2014";"Zuid-Holland";" "
"Hendrik Ido Ambacht";"2015";"Zuid-Holland";" "
"Hengelo";"2013";"Overijssel";" "
"Hengelo";"2014";"Overijssel";" "
"Hengelo";"2015";"Overijssel";" "
"Hertogenbosch";"2013";"Noord-Brabant";" "
"Hertogenbosch";"2014";"Noord-Brabant";" "
"Hertogenbosch";"2015";"Noord-Brabant";" "
"Heumen";"2013";"Gelderland";" "
"Heumen";"2014";"Gelderland";" "
"Heumen";"2015";"Gelderland";" "
"Heusden";"2013";"Noord-Brabant";" "
"Heusden";"2014";"Noord-Brabant";" "
"Heusden";"2015";"Noord-Brabant";" "
"Hillegom";"2013";"Zuid-Holland";" "
"Hillegom";"2014";"Zuid-Holland";" "
"Hillegom";"2015";"Zuid-Holland";" "
"Hilvarenbeek";"2013";"Noord-Brabant";" "
"Hilvarenbeek";"2014";"Noord-Brabant";" "
"Hilvarenbeek";"2015";"Noord-Brabant";" "
"Hilversum";"2013";"Noord-Holland";" "
"Hilversum";"2014";"Noord-Holland";" "
"Hilversum";"2015";"Noord-Holland";" "
"Hof van Twente";"2013";"Overijssel";" "
"Hof van Twente";"2014";"Overijssel";" "
"Hof van Twente";"2015";"Overijssel";" "
"Hollands Kroon";"2013";"Noord-Holland";" "
"Hollands Kroon";"2014";"Noord-Holland";" "
"Hollands Kroon";"2015";"Noord-Holland";" "
"Hoogeveen";"2013";"Drenthe";" "
"Hoogeveen";"2014";"Drenthe";" "
"Hoogeveen";"2015";"Drenthe";" "
"Hoogezand Sappemeer";"2013";"Groningen";" "
"Hoogezand Sappemeer";"2014";"Groningen";" "
"Hoogezand Sappemeer";"2015";"Groningen";" "
"Hoorn";"2013";"Noord-Holland";" "
"Hoorn";"2014";"Noord-Holland";" "
"Hoorn";"2015";"Noord-Holland";" "
"Horst aan de Maas";"2013";"Limburg";" "
"Horst aan de Maas";"2014";"Limburg";" "
"Horst aan de Maas";"2015";"Limburg";" "
"Houten";"2013";"Utrecht";" "
"Houten";"2014";"Utrecht";" "
"Houten";"2015";"Utrecht";" "
"Huizen";"2013";"Noord-Holland";" "
"Huizen";"2014";"Noord-Holland";" "
"Huizen";"2015";"Noord-Holland";" "
"Hulst";"2013";"Zeeland";" "
"Hulst";"2014";"Zeeland";" "
"Hulst";"2015";"Zeeland";" "
"IJsselstein";"2013";"Utrecht";" "
"IJsselstein";"2014";"Utrecht";" "
"IJsselstein";"2015";"Utrecht";" "
"Kaag en Braassem";"2013";"Zuid-Holland";" "
"Kaag en Braassem";"2014";"Zuid-Holland";" "
"Kaag en Braassem";"2015";"Zuid-Holland";" "
"Kampen";"2013";"Overijssel";" "
"Kampen";"2014";"Overijssel";" "
"Kampen";"2015";"Overijssel";" "
"Kapelle";"2013";"Zeeland";" "
"Kapelle";"2014";"Zeeland";" "
"Kapelle";"2015";"Zeeland";" "
"Katwijk";"2013";"Zuid-Holland";" "
"Katwijk";"2014";"Zuid-Holland";" "
"Katwijk";"2015";"Zuid-Holland";" "
"Kerkrade";"2013";"Limburg";" "
"Kerkrade";"2014";"Limburg";" "
"Kerkrade";"2015";"Limburg";" "
"Koggenland";"2013";"Noord-Holland";" "
"Koggenland";"2014";"Noord-Holland";" "
"Koggenland";"2015";"Noord-Holland";" "
"Kollumerland en Nieuwkruisland";"2013";"Friesland";" "
"Kollumerland en Nieuwkruisland";"2014";"Friesland";" "
"Kollumerland en Nieuwkruisland";"2015";"Friesland";" "
"Korendijk";"2013";"Zuid-Holland";" "
"Korendijk";"2014";"Zuid-Holland";" "
"Korendijk";"2015";"Zuid-Holland";" "
"Krimpen aan den IJssel";"2013";"Zuid-Holland";" "
"Krimpen aan den IJssel";"2014";"Zuid-Holland";" "
"Krimpen aan den IJssel";"2015";"Zuid-Holland";" "
"Krimpenerwaard";"2013";" ";" "
"Krimpenerwaard";"2014";" ";" "
"Krimpenerwaard";"2015";"Zuid-Holland";" "
"Laarbeek";"2013";"Noord-Brabant";" "
"Laarbeek";"2014";"Noord-Brabant";" "
"Laarbeek";"2015";"Noord-Brabant";" "
"Landerd";"2013";"Noord-Brabant";" "
"Landerd";"2014";"Noord-Brabant";" "
"Landerd";"2015";"Noord-Brabant";" "
"Landgraaf";"2013";"Limburg";" "
"Landgraaf";"2014";"Limburg";" "
"Landgraaf";"2015";"Limburg";" "
"Landsmeer";"2013";"Noord-Holland";" "
"Landsmeer";"2014";"Noord-Holland";" "
"Landsmeer";"2015";"Noord-Holland";" "
"Langedijk";"2013";"Noord-Holland";" "
"Langedijk";"2014";"Noord-Holland";" "
"Langedijk";"2015";"Noord-Holland";" "
"Lansingerland";"2013";"Zuid-Holland";" "
"Lansingerland";"2014";"Zuid-Holland";" "
"Lansingerland";"2015";"Zuid-Holland";" "
"Laren";"2013";"Noord-Holland";" "
"Laren";"2014";"Noord-Holland";" "
"Laren";"2015";"Noord-Holland";" "
"Leek";"2013";"Groningen";" "
"Leek";"2014";"Groningen";" "
"Leek";"2015";"Groningen";" "
"Leerdam";"2013";"Zuid-Holland";" "
"Leerdam";"2014";"Zuid-Holland";" "
"Leerdam";"2015";"Zuid-Holland";" "
"Leeuwarden";"2013";"Friesland";" "
"Leeuwarden";"2014";"Friesland";" "
"Leeuwarden";"2015";"Friesland";" "
"Leeuwarderadeel";"2013";"Friesland";" "
"Leeuwarderadeel";"2014";"Friesland";" "
"Leeuwarderadeel";"2015";"Friesland";" "
"Leiden";"2013";"Zuid-Holland";" "
"Leiden";"2014";"Zuid-Holland";" "
"Leiden";"2015";"Zuid-Holland";" "
"Leiderdorp";"2013";"Zuid-Holland";" "
"Leiderdorp";"2014";"Zuid-Holland";" "
"Leiderdorp";"2015";"Zuid-Holland";" "
"Leidschendam Voorburg";"2013";"Zuid-Holland";" "
"Leidschendam Voorburg";"2014";"Zuid-Holland";" "
"Leidschendam Voorburg";"2015";"Zuid-Holland";" "
"Lelystad";"2013";"Flevoland";" "
"Lelystad";"2014";"Flevoland";" "
"Lelystad";"2015";"Flevoland";" "
"Leudal";"2013";"Limburg";" "
"Leudal";"2014";"Limburg";" "
"Leudal";"2015";"Limburg";" "
"Leusden";"2013";"Utrecht";" "
"Leusden";"2014";"Utrecht";" "
"Leusden";"2015";"Utrecht";" "
"Lingewaal";"2013";"Gelderland";" "
"Lingewaal";"2014";"Gelderland";" "
"Lingewaal";"2015";"Gelderland";" "
"Lingewaard";"2013";"Gelderland";" "
"Lingewaard";"2014";"Gelderland";" "
"Lingewaard";"2015";"Gelderland";" "
"Lisse";"2013";"Zuid-Holland";" "
"Lisse";"2014";"Zuid-Holland";" "
"Lisse";"2015";"Zuid-Holland";" "
"Littenseradiel";"2013";"Friesland";" "
"Littenseradiel";"2014";"Friesland";" "
"Littenseradiel";"2015";"Friesland";" "
"Lochem";"2013";"Gelderland";" "
"Lochem";"2014";"Gelderland";" "
"Lochem";"2015";"Gelderland";" "
"Loon op Zand";"2013";"Noord-Brabant";" "
"Loon op Zand";"2014";"Noord-Brabant";" "
"Loon op Zand";"2015";"Noord-Brabant";" "
"Lopik";"2013";"Utrecht";" "
"Lopik";"2014";"Utrecht";" "
"Lopik";"2015";"Utrecht";" "
"Loppersum";"2013";"Groningen";" "
"Loppersum";"2014";"Groningen";" "
"Loppersum";"2015";"Groningen";" "
"Losser";"2013";"Overijssel";" "
"Losser";"2014";"Overijssel";" "
"Losser";"2015";"Overijssel";" "
"Maasdriel";"2013";"Gelderland";" "
"Maasdriel";"2014";"Gelderland";" "
"Maasdriel";"2015";"Gelderland";" "
"Maasgouw";"2013";"Limburg";" "
"Maasgouw";"2014";"Limburg";" "
"Maasgouw";"2015";"Limburg";" "
"Maassluis";"2013";"Zuid-Holland";" "
"Maassluis";"2014";"Zuid-Holland";" "
"Maassluis";"2015";"Zuid-Holland";" "
"Maastricht";"2013";"Limburg";" "
"Maastricht";"2014";"Limburg";" "
"Maastricht";"2015";"Limburg";" "
"De Marne";"2013";"Groningen";" "
"De Marne";"2014";"Groningen";" "
"De Marne";"2015";"Groningen";" "
"Marum";"2013";"Groningen";" "
"Marum";"2014";"Groningen";" "
"Marum";"2015";"Groningen";" "
"Medemblik";"2013";"Noord-Holland";" "
"Medemblik";"2014";"Noord-Holland";" "
"Medemblik";"2015";"Noord-Holland";" "
"Meerssen";"2013";"Limburg";" "
"Meerssen";"2014";"Limburg";" "
"Meerssen";"2015";"Limburg";" "
"Menameradiel";"2013";"Friesland";" "
"Menameradiel";"2014";"Friesland";" "
"Menameradiel";"2015";"Friesland";" "
"Menterwolde";"2013";"Groningen";" "
"Menterwolde";"2014";"Groningen";" "
"Menterwolde";"2015";"Groningen";" "
"Meppel";"2013";"Drenthe";" "
"Meppel";"2014";"Drenthe";" "
"Meppel";"2015";"Drenthe";" "
"Middelburg";"2013";"Zeeland";" "
"Middelburg";"2014";"Zeeland";" "
"Middelburg";"2015";"Zeeland";" "
"Midden Delfland";"2013";"Zuid-Holland";" "
"Midden Delfland";"2014";"Zuid-Holland";" "
"Midden Delfland";"2015";"Zuid-Holland";" "
"Midden Drenthe";"2013";"Drenthe";" "
"Midden Drenthe";"2014";"Drenthe";" "
"Midden Drenthe";"2015";"Drenthe";" "
"Mill en Sint Hubert";"2013";"Noord-Brabant";" "
"Mill en Sint Hubert";"2014";"Noord-Brabant";" "
"Mill en Sint Hubert";"2015";"Noord-Brabant";" "
"Moerdijk";"2013";"Noord-Brabant";" "
"Moerdijk";"2014";"Noord-Brabant";" "
"Moerdijk";"2015";"Noord-Brabant";" "
"Molenwaard";"2013";"Zuid-Holland";" "
"Molenwaard";"2014";"Zuid-Holland";" "
"Molenwaard";"2015";"Zuid-Holland";" "
"Montferland";"2013";"Gelderland";" "
"Montferland";"2014";"Gelderland";" "
"Montferland";"2015";"Gelderland";" "
"Montfoort";"2013";"Utrecht";" "
"Montfoort";"2014";"Utrecht";" "
"Montfoort";"2015";"Utrecht";" "
"Mook en Middelaar";"2013";"Limburg";" "
"Mook en Middelaar";"2014";"Limburg";" "
"Mook en Middelaar";"2015";"Limburg";" "
"Muiden";"2013";"Noord-Holland";" "
"Muiden";"2014";"Noord-Holland";" "
"Muiden";"2015";"Noord-Holland";" "
"Naarden";"2013";"Noord-Holland";" "
"Naarden";"2014";"Noord-Holland";" "
"Naarden";"2015";"Noord-Holland";" "
"Neder Betuwe";"2013";"Gelderland";" "
"Neder Betuwe";"2014";"Gelderland";" "
"Neder Betuwe";"2015";"Gelderland";" "
"Nederweert";"2013";"Limburg";" "
"Nederweert";"2014";"Limburg";" "
"Nederweert";"2015";"Limburg";" "
"Neerijnen";"2013";"Gelderland";" "
"Neerijnen";"2014";"Gelderland";" "
"Neerijnen";"2015";"Gelderland";" "
"Nieuwegein";"2013";"Utrecht";" "
"Nieuwegein";"2014";"Utrecht";" "
"Nieuwegein";"2015";"Utrecht";" "
"Nieuwkoop";"2013";"Zuid-Holland";" "
"Nieuwkoop";"2014";"Zuid-Holland";" "
"Nieuwkoop";"2015";"Zuid-Holland";" "
"Nijkerk";"2013";"Gelderland";" "
"Nijkerk";"2014";"Gelderland";" "
"Nijkerk";"2015";"Gelderland";" "
"Nijmegen";"2013";"Gelderland";" "
"Nijmegen";"2014";"Gelderland";" "
"Nijmegen";"2015";"Gelderland";" "
"Nissewaard";"2013";" ";" "
"Nissewaard";"2014";" ";" "
"Nissewaard";"2015";"Zuid-Holland";" "
"Noord Beveland";"2013";"Zeeland";" "
"Noord Beveland";"2014";"Zeeland";" "
"Noord Beveland";"2015";"Zeeland";" "
"Noordenveld";"2013";"Drenthe";" "
"Noordenveld";"2014";"Drenthe";" "
"Noordenveld";"2015";"Drenthe";" "
"Noordoostpolder";"2013";"Flevoland";" "
"Noordoostpolder";"2014";"Flevoland";" "
"Noordoostpolder";"2015";"Flevoland";" "
"Noordwijk";"2013";"Zuid-Holland";" "
"Noordwijk";"2014";"Zuid-Holland";" "
"Noordwijk";"2015";"Zuid-Holland";" "
"Noordwijkerhout";"2013";"Zuid-Holland";" "
"Noordwijkerhout";"2014";"Zuid-Holland";" "
"Noordwijkerhout";"2015";"Zuid-Holland";" "
"Nuenen Gerwen en Nederwetten";"2013";"Noord-Brabant";" "
"Nuenen Gerwen en Nederwetten";"2014";"Noord-Brabant";" "
"Nuenen Gerwen en Nederwetten";"2015";"Noord-Brabant";" "
"Nunspeet";"2013";"Gelderland";" "
"Nunspeet";"2014";"Gelderland";" "
"Nunspeet";"2015";"Gelderland";" "
"Nuth";"2013";"Limburg";" "
"Nuth";"2014";"Limburg";" "
"Nuth";"2015";"Limburg";" "
"Oegstgeest";"2013";"Zuid-Holland";" "
"Oegstgeest";"2014";"Zuid-Holland";" "
"Oegstgeest";"2015";"Zuid-Holland";" "
"Oirschot";"2013";"Noord-Brabant";" "
"Oirschot";"2014";"Noord-Brabant";" "
"Oirschot";"2015";"Noord-Brabant";" "
"Oisterwijk";"2013";"Noord-Brabant";" "
"Oisterwijk";"2014";"Noord-Brabant";" "
"Oisterwijk";"2015";"Noord-Brabant";" "
"Oldambt";"2013";"Groningen";" "
"Oldambt";"2014";"Groningen";" "
"Oldambt";"2015";"Groningen";" "
"Oldebroek";"2013";"Gelderland";" "
"Oldebroek";"2014";"Gelderland";" "
"Oldebroek";"2015";"Gelderland";" "
"Oldenzaal";"2013";"Overijssel";" "
"Oldenzaal";"2014";"Overijssel";" "
"Oldenzaal";"2015";"Overijssel";" "
"Olst Wijhe";"2013";"Overijssel";" "
"Olst Wijhe";"2014";"Overijssel";" "
"Olst Wijhe";"2015";"Overijssel";" "
"Ommen";"2013";"Overijssel";" "
"Ommen";"2014";"Overijssel";" "
"Ommen";"2015";"Overijssel";" "
"Onderbanken";"2013";"Limburg";" "
"Onderbanken";"2014";"Limburg";" "
"Onderbanken";"2015";"Limburg";" "
"Oost Gelre";"2013";"Gelderland";" "
"Oost Gelre";"2014";"Gelderland";" "
"Oost Gelre";"2015";"Gelderland";" "
"Oosterhout";"2013";"Noord-Brabant";" "
"Oosterhout";"2014";"Noord-Brabant";" "
"Oosterhout";"2015";"Noord-Brabant";" "
"Ooststellingwerf";"2013";"Friesland";" "
"Ooststellingwerf";"2014";"Friesland";" "
"Ooststellingwerf";"2015";"Friesland";" "
"Oostzaan";"2013";"Noord-Holland";" "
"Oostzaan";"2014";"Noord-Holland";" "
"Oostzaan";"2015";"Noord-Holland";" "
"Opmeer";"2013";"Noord-Holland";" "
"Opmeer";"2014";"Noord-Holland";" "
"Opmeer";"2015";"Noord-Holland";" "
"Opsterland";"2013";"Friesland";" "
"Opsterland";"2014";"Friesland";" "
"Opsterland";"2015";"Friesland";" "
"Oss";"2013";"Noord-Brabant";" "
"Oss";"2014";"Noord-Brabant";" "
"Oss";"2015";"Noord-Brabant";" "
"Oud Beijerland";"2013";"Zuid-Holland";" "
"Oud Beijerland";"2014";"Zuid-Holland";" "
"Oud Beijerland";"2015";"Zuid-Holland";" "
"Oude IJsselstreek";"2013";"Gelderland";" "
"Oude IJsselstreek";"2014";"Gelderland";" "
"Oude IJsselstreek";"2015";"Gelderland";" "
"Ouder Amstel";"2013";"Noord-Holland";" "
"Ouder Amstel";"2014";"Noord-Holland";" "
"Ouder Amstel";"2015";"Noord-Holland";" "
"Oudewater";"2013";"Utrecht";" "
"Oudewater";"2014";"Utrecht";" "
"Oudewater";"2015";"Utrecht";" "
"Overbetuwe";"2013";"Gelderland";" "
"Overbetuwe";"2014";"Gelderland";" "
"Overbetuwe";"2015";"Gelderland";" "
"Papendrecht";"2013";"Zuid-Holland";" "
"Papendrecht";"2014";"Zuid-Holland";" "
"Papendrecht";"2015";"Zuid-Holland";" "
"Peel en Maas";"2013";"Limburg";" "
"Peel en Maas";"2014";"Limburg";" "
"Peel en Maas";"2015";"Limburg";" "
"Pekela";"2013";"Groningen";" "
"Pekela";"2014";"Groningen";" "
"Pekela";"2015";"Groningen";" "
"Pijnacker Nootdorp";"2013";"Zuid-Holland";" "
"Pijnacker Nootdorp";"2014";"Zuid-Holland";" "
"Pijnacker Nootdorp";"2015";"Zuid-Holland";" "
"Purmerend";"2013";"Noord-Holland";" "
"Purmerend";"2014";"Noord-Holland";" "
"Purmerend";"2015";"Noord-Holland";" "
"Putten";"2013";"Gelderland";" "
"Putten";"2014";"Gelderland";" "
"Putten";"2015";"Gelderland";" "
"Raalte";"2013";"Overijssel";" "
"Raalte";"2014";"Overijssel";" "
"Raalte";"2015";"Overijssel";" "
"Reimerswaal";"2013";"Zeeland";" "
"Reimerswaal";"2014";"Zeeland";" "
"Reimerswaal";"2015";"Zeeland";" "
"Renkum";"2013";"Gelderland";" "
"Renkum";"2014";"Gelderland";" "
"Renkum";"2015";"Gelderland";" "
"Renswoude";"2013";"Utrecht";" "
"Renswoude";"2014";"Utrecht";" "
"Renswoude";"2015";"Utrecht";" "
"Reusel De Mierden";"2013";"Noord-Brabant";" "
"Reusel De Mierden";"2014";"Noord-Brabant";" "
"Reusel De Mierden";"2015";"Noord-Brabant";" "
"Rheden";"2013";"Gelderland";" "
"Rheden";"2014";"Gelderland";" "
"Rheden";"2015";"Gelderland";" "
"Rhenen";"2013";"Utrecht";" "
"Rhenen";"2014";"Utrecht";" "
"Rhenen";"2015";"Utrecht";" "
"Ridderkerk";"2013";"Zuid-Holland";" "
"Ridderkerk";"2014";"Zuid-Holland";" "
"Ridderkerk";"2015";"Zuid-Holland";" "
"Rijnwaarden";"2013";"Gelderland";" "
"Rijnwaarden";"2014";"Gelderland";" "
"Rijnwaarden";"2015";"Gelderland";" "
"Rijssen Holten";"2013";"Overijssel";" "
"Rijssen Holten";"2014";"Overijssel";" "
"Rijssen Holten";"2015";"Overijssel";" "
"Rijswijk";"2013";"Zuid-Holland";" "
"Rijswijk";"2014";"Zuid-Holland";" "
"Rijswijk";"2015";"Zuid-Holland";" "
"Roerdalen";"2013";"Limburg";" "
"Roerdalen";"2014";"Limburg";" "
"Roerdalen";"2015";"Limburg";" "
"Roermond";"2013";"Limburg";" "
"Roermond";"2014";"Limburg";" "
"Roermond";"2015";"Limburg";" "
"De Ronde Venen";"2013";"Utrecht";" "
"De Ronde Venen";"2014";"Utrecht";" "
"De Ronde Venen";"2015";"Utrecht";" "
"Roosendaal";"2013";"Noord-Brabant";" "
"Roosendaal";"2014";"Noord-Brabant";" "
"Roosendaal";"2015";"Noord-Brabant";" "
"Rotterdam";"2013";"Zuid-Holland";" "
"Rotterdam";"2014";"Zuid-Holland";" "
"Rotterdam";"2015";"Zuid-Holland";" "
"Rozendaal";"2013";"Gelderland";" "
"Rozendaal";"2014";"Gelderland";" "
"Rozendaal";"2015";"Gelderland";" "
"Rucphen";"2013";"Noord-Brabant";" "
"Rucphen";"2014";"Noord-Brabant";" "
"Rucphen";"2015";"Noord-Brabant";" "
"Schagen";"2013";"Noord-Holland";" "
"Schagen";"2014";"Noord-Holland";" "
"Schagen";"2015";"Noord-Holland";" "
"Scherpenzeel";"2013";"Gelderland";" "
"Scherpenzeel";"2014";"Gelderland";" "
"Scherpenzeel";"2015";"Gelderland";" "
"Schiedam";"2013";"Zuid-Holland";" "
"Schiedam";"2014";"Zuid-Holland";" "
"Schiedam";"2015";"Zuid-Holland";" "
"Schiermonnikoog";"2013";"Friesland";" "
"Schiermonnikoog";"2014";"Friesland";" "
"Schiermonnikoog";"2015";"Friesland";" "
"Schijndel";"2013";"Noord-Brabant";" "
"Schijndel";"2014";"Noord-Brabant";" "
"Schijndel";"2015";"Noord-Brabant";" "
"Schinnen";"2013";"Limburg";" "
"Schinnen";"2014";"Limburg";" "
"Schinnen";"2015";"Limburg";" "
"Schouwen-Duiveland";"2013";"Zeeland";" "
"Schouwen-Duiveland";"2014";"Zeeland";" "
"Schouwen-Duiveland";"2015";"Zeeland";" "
"Simpelveld";"2013";"Limburg";" "
"Simpelveld";"2014";"Limburg";" "
"Simpelveld";"2015";"Limburg";" "
"Sint Anthonis";"2013";"Noord-Brabant";" "
"Sint Anthonis";"2014";"Noord-Brabant";" "
"Sint Anthonis";"2015";"Noord-Brabant";" "
"Sint Michielsgestel";"2013";"Noord-Brabant";" "
"Sint Michielsgestel";"2014";"Noord-Brabant";" "
"Sint Michielsgestel";"2015";"Noord-Brabant";" "
"Sint Oedenrode";"2013";"Noord-Brabant";" "
"Sint Oedenrode";"2014";"Noord-Brabant";" "
"Sint Oedenrode";"2015";"Noord-Brabant";" "
"Sittard-Geleen";"2013";"Limburg";" "
"Sittard-Geleen";"2014";"Limburg";" "
"Sittard-Geleen";"2015";"Limburg";" "
"Sliedrecht";"2013";"Zuid-Holland";" "
"Sliedrecht";"2014";"Zuid-Holland";" "
"Sliedrecht";"2015";"Zuid-Holland";" "
"Slochteren";"2013";"Groningen";" "
"Slochteren";"2014";"Groningen";" "
"Slochteren";"2015";"Groningen";" "
"Sluis";"2013";"Zeeland";" "
"Sluis";"2014";"Zeeland";" "
"Sluis";"2015";"Zeeland";" "
"Smallingerland";"2013";"Friesland";" "
"Smallingerland";"2014";"Friesland";" "
"Smallingerland";"2015";"Friesland";" "
"Soest";"2013";"Utrecht";" "
"Soest";"2014";"Utrecht";" "
"Soest";"2015";"Utrecht";" "
"Someren";"2013";"Noord-Brabant";" "
"Someren";"2014";"Noord-Brabant";" "
"Someren";"2015";"Noord-Brabant";" "
"Son en Breugel";"2013";"Noord-Brabant";" "
"Son en Breugel";"2014";"Noord-Brabant";" "
"Son en Breugel";"2015";"Noord-Brabant";" "
"Stadskanaal";"2013";"Groningen";" "
"Stadskanaal";"2014";"Groningen";" "
"Stadskanaal";"2015";"Groningen";" "
"Staphorst";"2013";"Overijssel";" "
"Staphorst";"2014";"Overijssel";" "
"Staphorst";"2015";"Overijssel";" "
"Stede Broec";"2013";"Noord-Holland";" "
"Stede Broec";"2014";"Noord-Holland";" "
"Stede Broec";"2015";"Noord-Holland";" "
"Steenbergen";"2013";"Noord-Brabant";" "
"Steenbergen";"2014";"Noord-Brabant";" "
"Steenbergen";"2015";"Noord-Brabant";" "
"Steenwijkerland";"2013";"Overijssel";" "
"Steenwijkerland";"2014";"Overijssel";" "
"Steenwijkerland";"2015";"Overijssel";" "
"Stein (L.)";"2013";"Limburg";" "
"Stein (L.)";"2014";"Limburg";" "
"Stein (L.)";"2015";"Limburg";" "
"Stichtse Vecht";"2013";"Utrecht";" "
"Stichtse Vecht";"2014";"Utrecht";" "
"Stichtse Vecht";"2015";"Utrecht";" "
"Strijen";"2013";"Zuid-Holland";" "
"Strijen";"2014";"Zuid-Holland";" "
"Strijen";"2015";"Zuid-Holland";" "
"Súdwest-Fryslân";"2013";"Friesland";" "
"Súdwest-Fryslân";"2014";"Friesland";" "
"Súdwest-Fryslân";"2015";"Friesland";" "
"Terneuzen";"2013";"Zeeland";" "
"Terneuzen";"2014";"Zeeland";" "
"Terneuzen";"2015";"Zeeland";" "
"Terschelling";"2013";"Friesland";" "
"Terschelling";"2014";"Friesland";" "
"Terschelling";"2015";"Friesland";" "
"Texel";"2013";"Noord-Holland";" "
"Texel";"2014";"Noord-Holland";" "
"Texel";"2015";"Noord-Holland";" "
"Teylingen";"2013";"Zuid-Holland";" "
"Teylingen";"2014";"Zuid-Holland";" "
"Teylingen";"2015";"Zuid-Holland";" "
"Tholen";"2013";"Zeeland";" "
"Tholen";"2014";"Zeeland";" "
"Tholen";"2015";"Zeeland";" "
"Tiel";"2013";"Gelderland";" "
"Tiel";"2014";"Gelderland";" "
"Tiel";"2015";"Gelderland";" "
"Tilburg";"2013";"Noord-Brabant";" "
"Tilburg";"2014";"Noord-Brabant";" "
"Tilburg";"2015";"Noord-Brabant";" "
"Tubbergen";"2013";"Overijssel";" "
"Tubbergen";"2014";"Overijssel";" "
"Tubbergen";"2015";"Overijssel";" "
"Twenterand";"2013";"Overijssel";" "
"Twenterand";"2014";"Overijssel";" "
"Twenterand";"2015";"Overijssel";" "
"Tynaarlo";"2013";"Drenthe";" "
"Tynaarlo";"2014";"Drenthe";" "
"Tynaarlo";"2015";"Drenthe";" "
"Tytsjerksteradiel";"2013";"Friesland";" "
"Tytsjerksteradiel";"2014";"Friesland";" "
"Tytsjerksteradiel";"2015";"Friesland";" "
"Uden";"2013";"Noord-Brabant";" "
"Uden";"2014";"Noord-Brabant";" "
"Uden";"2015";"Noord-Brabant";" "
"Uitgeest";"2013";"Noord-Holland";" "
"Uitgeest";"2014";"Noord-Holland";" "
"Uitgeest";"2015";"Noord-Holland";" "
"Uithoorn";"2013";"Noord-Holland";" "
"Uithoorn";"2014";"Noord-Holland";" "
"Uithoorn";"2015";"Noord-Holland";" "
"Urk";"2013";"Flevoland";" "
"Urk";"2014";"Flevoland";" "
"Urk";"2015";"Flevoland";" "
"Utrecht (gemeente)";"2013";"Utrecht";" "
"Utrecht (gemeente)";"2014";"Utrecht";" "
"Utrecht (gemeente)";"2015";"Utrecht";" "
"Utrechtse Heuvelrug";"2013";"Utrecht";" "
"Utrechtse Heuvelrug";"2014";"Utrecht";" "
"Utrechtse Heuvelrug";"2015";"Utrecht";" "
"Vaals";"2013";"Limburg";" "
"Vaals";"2014";"Limburg";" "
"Vaals";"2015";"Limburg";" "
"Valkenburg aan de Geul";"2013";"Limburg";" "
"Valkenburg aan de Geul";"2014";"Limburg";" "
"Valkenburg aan de Geul";"2015";"Limburg";" "
"Valkenswaard";"2013";"Noord-Brabant";" "
"Valkenswaard";"2014";"Noord-Brabant";" "
"Valkenswaard";"2015";"Noord-Brabant";" "
"Veendam";"2013";"Groningen";" "
"Veendam";"2014";"Groningen";" "
"Veendam";"2015";"Groningen";" "
"Veenendaal";"2013";"Utrecht";" "
"Veenendaal";"2014";"Utrecht";" "
"Veenendaal";"2015";"Utrecht";" "
"Veere";"2013";"Zeeland";" "
"Veere";"2014";"Zeeland";" "
"Veere";"2015";"Zeeland";" "
"Veghel";"2013";"Noord-Brabant";" "
"Veghel";"2014";"Noord-Brabant";" "
"Veghel";"2015";"Noord-Brabant";" "
"Veldhoven";"2013";"Noord-Brabant";" "
"Veldhoven";"2014";"Noord-Brabant";" "
"Veldhoven";"2015";"Noord-Brabant";" "
"Velsen";"2013";"Noord-Holland";" "
"Velsen";"2014";"Noord-Holland";" "
"Velsen";"2015";"Noord-Holland";" "
"Venlo";"2013";"Limburg";" "
"Venlo";"2014";"Limburg";" "
"Venlo";"2015";"Limburg";" "
"Venray";"2013";"Limburg";" "
"Venray";"2014";"Limburg";" "
"Venray";"2015";"Limburg";" "
"Vianen";"2013";"Utrecht";" "
"Vianen";"2014";"Utrecht";" "
"Vianen";"2015";"Utrecht";" "
"Vlaardingen";"2013";"Zuid-Holland";" "
"Vlaardingen";"2014";"Zuid-Holland";" "
"Vlaardingen";"2015";"Zuid-Holland";" "
"Vlagtwedde";"2013";"Groningen";" "
"Vlagtwedde";"2014";"Groningen";" "
"Vlagtwedde";"2015";"Groningen";" "
"Vlieland";"2013";"Friesland";" "
"Vlieland";"2014";"Friesland";" "
"Vlieland";"2015";"Friesland";" "
"Vlissingen";"2013";"Zeeland";" "
"Vlissingen";"2014";"Zeeland";" "
"Vlissingen";"2015";"Zeeland";" "
"Voerendaal";"2013";"Limburg";" "
"Voerendaal";"2014";"Limburg";" "
"Voerendaal";"2015";"Limburg";" "
"Voorschoten";"2013";"Zuid-Holland";" "
"Voorschoten";"2014";"Zuid-Holland";" "
"Voorschoten";"2015";"Zuid-Holland";" "
"Voorst";"2013";"Gelderland";" "
"Voorst";"2014";"Gelderland";" "
"Voorst";"2015";"Gelderland";" "
"Vught";"2013";"Noord-Brabant";" "
"Vught";"2014";"Noord-Brabant";" "
"Vught";"2015";"Noord-Brabant";" "
"Waalre";"2013";"Noord-Brabant";" "
"Waalre";"2014";"Noord-Brabant";" "
"Waalre";"2015";"Noord-Brabant";" "
"Waalwijk";"2013";"Noord-Brabant";" "
"Waalwijk";"2014";"Noord-Brabant";" "
"Waalwijk";"2015";"Noord-Brabant";" "
"Waddinxveen";"2013";"Zuid-Holland";" "
"Waddinxveen";"2014";"Zuid-Holland";" "
"Waddinxveen";"2015";"Zuid-Holland";" "
"Wageningen";"2013";"Gelderland";" "
"Wageningen";"2014";"Gelderland";" "
"Wageningen";"2015";"Gelderland";" "
"Wassenaar";"2013";"Zuid-Holland";" "
"Wassenaar";"2014";"Zuid-Holland";" "
"Wassenaar";"2015";"Zuid-Holland";" "
"Waterland";"2013";"Noord-Holland";" "
"Waterland";"2014";"Noord-Holland";" "
"Waterland";"2015";"Noord-Holland";" "
"Weert";"2013";"Limburg";" "
"Weert";"2014";"Limburg";" "
"Weert";"2015";"Limburg";" "
"Weesp";"2013";"Noord-Holland";" "
"Weesp";"2014";"Noord-Holland";" "
"Weesp";"2015";"Noord-Holland";" "
"Werkendam";"2013";"Noord-Brabant";" "
"Werkendam";"2014";"Noord-Brabant";" "
"Werkendam";"2015";"Noord-Brabant";" "
"West Maas en Waal";"2013";"Gelderland";" "
"West Maas en Waal";"2014";"Gelderland";" "
"West Maas en Waal";"2015";"Gelderland";" "
"Westerveld";"2013";"Drenthe";" "
"Westerveld";"2014";"Drenthe";" "
"Westerveld";"2015";"Drenthe";" "
"Westervoort";"2013";"Gelderland";" "
"Westervoort";"2014";"Gelderland";" "
"Westervoort";"2015";"Gelderland";" "
"Westland";"2013";"Zuid-Holland";" "
"Westland";"2014";"Zuid-Holland";" "
"Westland";"2015";"Zuid-Holland";" "
"Weststellingwerf";"2013";"Friesland";" "
"Weststellingwerf";"2014";"Friesland";" "
"Weststellingwerf";"2015";"Friesland";" "
"Westvoorne";"2013";"Zuid-Holland";" "
"Westvoorne";"2014";"Zuid-Holland";" "
"Westvoorne";"2015";"Zuid-Holland";" "
"Wierden";"2013";"Overijssel";" "
"Wierden";"2014";"Overijssel";" "
"Wierden";"2015";"Overijssel";" "
"Wijchen";"2013";"Gelderland";" "
"Wijchen";"2014";"Gelderland";" "
"Wijchen";"2015";"Gelderland";" "
"Wijdemeren";"2013";"Noord-Holland";" "
"Wijdemeren";"2014";"Noord-Holland";" "
"Wijdemeren";"2015";"Noord-Holland";" "
"Wijk bij Duurstede";"2013";"Utrecht";" "
"Wijk bij Duurstede";"2014";"Utrecht";" "
"Wijk bij Duurstede";"2015";"Utrecht";" "
"Winsum";"2013";"Groningen";" "
"Winsum";"2014";"Groningen";" "
"Winsum";"2015";"Groningen";" "
"Winterswijk";"2013";"Gelderland";" "
"Winterswijk";"2014";"Gelderland";" "
"Winterswijk";"2015";"Gelderland";" "
"Woensdrecht";"2013";"Noord-Brabant";" "
"Woensdrecht";"2014";"Noord-Brabant";" "
"Woensdrecht";"2015";"Noord-Brabant";" "
"Woerden";"2013";"Utrecht";" "
"Woerden";"2014";"Utrecht";" "
"Woerden";"2015";"Utrecht";" "
"De Wolden";"2013";"Drenthe";" "
"De Wolden";"2014";"Drenthe";" "
"De Wolden";"2015";"Drenthe";" "
"Wormerland";"2013";"Noord-Holland";" "
"Wormerland";"2014";"Noord-Holland";" "
"Wormerland";"2015";"Noord-Holland";" "
"Woudenberg";"2013";"Utrecht";" "
"Woudenberg";"2014";"Utrecht";" "
"Woudenberg";"2015";"Utrecht";" "
"Woudrichem";"2013";"Noord-Brabant";" "
"Woudrichem";"2014";"Noord-Brabant";" "
"Woudrichem";"2015";"Noord-Brabant";" "
"Zaanstad";"2013";"Noord-Holland";" "
"Zaanstad";"2014";"Noord-Holland";" "
"Zaanstad";"2015";"Noord-Holland";" "
"Zaltbommel";"2013";"Gelderland";" "
"Zaltbommel";"2014";"Gelderland";" "
"Zaltbommel";"2015";"Gelderland";" "
"Zandvoort";"2013";"Noord-Holland";" "
"Zandvoort";"2014";"Noord-Holland";" "
"Zandvoort";"2015";"Noord-Holland";" "
"Zederik";"2013";"Zuid-Holland";" "
"Zederik";"2014";"Zuid-Holland";" "
"Zederik";"2015";"Zuid-Holland";" "
"Zeevang";"2013";"Noord-Holland";" "
"Zeevang";"2014";"Noord-Holland";" "
"Zeevang";"2015";"Noord-Holland";" "
"Zeewolde";"2013";"Flevoland";" "
"Zeewolde";"2014";"Flevoland";" "
"Zeewolde";"2015";"Flevoland";" "
"Zeist";"2013";"Utrecht";" "
"Zeist";"2014";"Utrecht";" "
"Zeist";"2015";"Utrecht";" "
"Zevenaar";"2013";"Gelderland";" "
"Zevenaar";"2014";"Gelderland";" "
"Zevenaar";"2015";"Gelderland";" "
"Zoetermeer";"2013";"Zuid-Holland";" "
"Zoetermeer";"2014";"Zuid-Holland";" "
"Zoetermeer";"2015";"Zuid-Holland";" "
"Zoeterwoude";"2013";"Zuid-Holland";" "
"Zoeterwoude";"2014";"Zuid-Holland";" "
"Zoeterwoude";"2015";"Zuid-Holland";" "
"Zuidhorn";"2013";"Groningen";" "
"Zuidhorn";"2014";"Groningen";" "
"Zuidhorn";"2015";"Groningen";" "
"Zuidplas";"2013";"Zuid-Holland";" "
"Zuidplas";"2014";"Zuid-Holland";" "
"Zuidplas";"2015";"Zuid-Holland";" "
"Zundert";"2013";"Noord-Brabant";" "
"Zundert";"2014";"Noord-Brabant";" "
"Zundert";"2015";"Noord-Brabant";" "
"Zutphen";"2013";"Gelderland";" "
"Zutphen";"2014";"Gelderland";" "
"Zutphen";"2015";"Gelderland";" "
"Zwartewaterland";"2013";"Overijssel";" "
"Zwartewaterland";"2014";"Overijssel";" "
"Zwartewaterland";"2015";"Overijssel";" "
"Zwijndrecht";"2013";"Zuid-Holland";" "
"Zwijndrecht";"2014";"Zuid-Holland";" "
"Zwijndrecht";"2015";"Zuid-Holland";" "
"Zwolle";"2013";"Overijssel";" "
"Zwolle";"2014";"Overijssel";" "
"Zwolle";"2015";"Overijssel";" "
"© Centraal Bureau voor de Statistiek, Den Haag/Heerlen 24-3-2016"
